<?xml version="1.0" encoding="UTF-8"?>

<!-- The core configuration file for the framework is the default (struts.xml) file
and should reside on the classpath of the webapp (generally /WEB-INF/classes). -->

<!DOCTYPE struts PUBLIC
    "-//Apache Software Foundation//DTD Struts Configuration 2.0//EN"
    "http://struts.apache.org/dtds/struts-2.0.dtd">

<struts>

  <!-- devMode equals debug information and reload everything for every request -->
  <constant name="struts.devMode" value="true" />
  <constant name="struts.ui.theme" value="simple" />
  <constant name="struts.action.excludePattern" value="/ws"/>

  <package name="eVoting" extends="struts-default">

      <interceptors>
          <interceptor name="loginInterceptor" class="interceptor.LoginInterceptor" />
          <interceptor-stack name="loginStack">
              <interceptor-ref name="loginInterceptor"/>
              <interceptor-ref name="defaultStack"/>
          </interceptor-stack>
      </interceptors>

      <default-action-ref name="index" />

      <global-results>
          <result name="error">/error.jsp</result>
      </global-results>

      <global-exception-mappings>
          <exception-mapping exception="java.lang.Exception" result="error"/>
      </global-exception-mappings>

      <action name="index">
          <result name="success">/index.jsp</result>
      </action>

      <action name="login" class="action.LoginAction" method="execute">
          <result name="success" type="redirect">/votar.jsp</result>
          <result name="admin">/adminMenu.jsp</result>
          <result name="login">/index.jsp</result>
      </action>

      <action name="logout" class="action.LoginAction" method="logout">
          <result name="success">/index.jsp</result>
      </action>

      <action name="cancelar">
          <result type="redirect">/adminMenu.jsp</result>
      </action>

      <action name="button1">
          <interceptor-ref name="loginStack"/>
          <result>/criarDepartamento.jsp</result>
          <result name="login" type="redirect">/index.jsp</result>
      </action>

      <action name="criarDepartamento" class="action.CriarDepartamentoAction" method="execute">
          <interceptor-ref name="loginStack"/>
          <result name="success">/adminMenu.jsp</result>
          <result name="error">/criarDepartamento.jsp</result>
          <result name="login" type="redirect">/index.jsp</result>
      </action>

      <action name="button2">
          <interceptor-ref name="loginStack"/>
          <result>/criarUser.jsp</result>
          <result name="login" type="redirect">/index.jsp</result>
      </action>

      <action name="criarUser" class="action.CriarUserAction" method="execute">
          <interceptor-ref name="loginStack"/>
          <result name="success">/adminMenu.jsp</result>
          <result name="error">/criarUser.jsp</result>
          <result name="login">/index.jsp</result>
      </action>

      <action name="button3">
          <interceptor-ref name="loginStack"/>
          <result>/criarEleicao.jsp</result>
          <result name="login" type="redirect">/index.jsp</result>
      </action>

      <action name="criarEleicao" class="action.CriarEleicaoAction" method="execute">
          <interceptor-ref name="loginStack"/>
          <result name="success">/adminMenu.jsp</result>
          <result name="error">/criarEleicao.jsp</result>
          <result name="login">/index.jsp</result>
      </action>

      <action name="button4">
          <interceptor-ref name="loginStack"/>
          <result>/criarListaCandidata.jsp</result>
          <result name="login" type="redirect">/index.jsp</result>
      </action>

      <action name="criarListaCandidata" class="action.CriarListaCandidataAction" method="execute">
          <interceptor-ref name="loginStack"/>
          <result name="success">/adminMenu.jsp</result>
          <result name="error">/criarListaCandidata.jsp</result>
          <result name="login">/index.jsp</result>
      </action>

      <action name="button12">
          <interceptor-ref name="loginStack"/>
          <result>/listarEleicao.jsp</result>
          <result name="login" type="redirect">/index.jsp</result>
      </action>

      <action name="listarEleicao" class="action.ListarEleicaoAction" method="execute">
          <interceptor-ref name="loginStack"/>
          <result name="success">/listarEleicao.jsp</result>
          <result name="error">/listarEleicao.jsp</result>
          <result name="login">/index.jsp</result>
      </action>

      <action name="button5">
          <interceptor-ref name="loginStack"/>
          <result>/gerirMesasVoto.jsp</result>
          <result name="login" type="redirect">/index.jsp</result>
      </action>

      <action name="gerirMesasVoto" class="action.GerirMesasVotoAction" method="execute">
          <interceptor-ref name="loginStack"/>
          <result name="success">/adminMenu.jsp</result>
          <result name="error">/gerirMesasVoto.jsp</result>
          <result name="login">/index.jsp</result>
      </action>

      <action name="button6">
          <interceptor-ref name="loginStack"/>
          <result>/associarMesaVoto.jsp</result>
          <result name="login" type="redirect">/index.jsp</result>
      </action>

      <action name="associarMesaVoto" class="action.AssociarMesaVotoAction" method="execute">
          <interceptor-ref name="loginStack"/>
          <result name="success">/adminMenu.jsp</result>
          <result name="error">/associarMesaVoto.jsp</result>
          <result name="login">/index.jsp</result>
      </action>

      <action name="button7">
          <interceptor-ref name="loginStack"/>
          <result>/alterarEleicao.jsp</result>
          <result name="login" type="redirect">/index.jsp</result>
      </action>

      <action name="alterarEleicao" class="action.AlterarEleicaoAction" method="execute">
          <interceptor-ref name="loginStack"/>
          <result name="success">/adminMenu.jsp</result>
          <result name="error">/alterarEleicao.jsp</result>
          <result name="login">/index.jsp</result>
      </action>

      <action name="button8">
          <interceptor-ref name="loginStack"/>
          <result>/localVoto.jsp</result>
          <result name="login" type="redirect">/index.jsp</result>
      </action>

      <action name="localVoto" class="action.LocalVotoAction" method="execute">
          <interceptor-ref name="loginStack"/>
          <result name="success">/localVoto.jsp</result>
          <result name="error">/localVoto.jsp</result>
          <result name="login">/index.jsp</result>
      </action>

      <action name="votar" class="action.VotarAction" method="execute">
          <interceptor-ref name="loginStack"/>
          <result name="success">/votar.jsp</result>
          <result name="error">/index.jsp</result>
      </action>

      <action name="votarTotal" class="action.VotarTotalAction" method="execute">
          <interceptor-ref name="loginStack"/>
          <result name="success">/index.jsp</result>
          <result name="error">/votar.jsp</result>
      </action>

      <action name="button9">
          <interceptor-ref name="loginStack"/>
          <result>/estadoMesasVoto.jsp</result>
          <result name="login" type="redirect">/index.jsp</result>
      </action>

      <action name="button10">
          <result type="redirect">/eleicoesTempoReal.jsp</result>
          <!--<result name="login" type="redirect">/index.jsp</result>-->
      </action>
      <!-- action do estado da mesa de voto com WebSockets -->

      <!-- Actions do botão 10 e da sua pagina precisão de WebSockets -->
      <action name="facebook" class="action.FacebookAction" method="execute">
          <result name="success">/facebook.jsp</result>
      </action>
      <action name="facebook2" class="action.FacebookAction2" method="execute">
          <result name="success">/index.jsp</result>
      </action>
      <action name="facebook3" class="action.FacebookAction3" method="execute">
          <result name="success">/votar.jsp</result>
          <result name="error">/index.jsp</result>
      </action>
      <action name="loginFacebook" class="action.FacebookAction" method="execute">
          <result name="success">/facebook2.jsp</result>
      </action>
      <action name="button11">
          <interceptor-ref name="loginStack"/>
          <result>/eleicoesPassadas.jsp</result>
          <result name="login" type="redirect">/index.jsp</result>
      </action>

      <action name="eleicoesPassadas" class="action.EleicoesPassadasAction" method="execute">
          <interceptor-ref name="loginStack"/>
          <result name="success">/eleicoesPassadas.jsp</result>
          <result name="error">/eleicoesPassadas.jsp</result>
          <result name="login" type="redirect">/index.jsp</result>
      </action>
  </package>

</struts>